seed,epoch,train_loss,train_accuracy,train_f1,train_kappa,train_precision_0,train_precision_1,train_recall_0,train_recall_1,train_roc_auc,train_pr_auc,train_specificity,test_loss,test_accuracy,test_f1,test_kappa,test_precision_0,test_precision_1,test_recall_0,test_recall_1,test_roc_auc,test_pr_auc,test_specificity,lr
42,0,0.43871887683757627,0.7979888407728182,0.8520996875238168,0.5336733371064688,0.6987611096148667,0.8424050632911393,0.6649580316524636,0.8620200462606014,0.8524237414176535,0.9140811721733688,0.6649580316524636,0.5287075327201323,0.7483398732266827,0.8190548532363952,0.40892174495181566,0.5300962183933766,0.8593874530342708,0.6573251942286349,0.7823383084577115,0.8127362718179358,0.922231866403858,0.6573251942286349,4.8096988312782174e-05
42,1,0.3807579500294636,0.8034851765489673,0.8453206168166101,0.5788351394995144,0.6586909539981476,0.9018812504370936,0.8202088806304864,0.7954356206630686,0.8829007494660063,0.9401283468944706,0.8202088806304864,0.5218299409970936,0.7264563839420465,0.7883705995679842,0.4187025257897701,0.49818055796222493,0.9025531346076727,0.7977247502774695,0.6998341625207297,0.8263431904020409,0.9239274040728197,0.7977247502774695,4.267766952966369e-05
42,2,0.3619222184105667,0.793783311125916,0.8357842730905052,0.5628639826529913,0.6415590863952334,0.9036999856589704,0.8278977381943999,0.7773631457208944,0.881072714193891,0.9305973801123348,0.8278977381943999,0.5059662676248846,0.7297766374886809,0.7913048545952561,0.4244955651313531,0.5020031353422749,0.9038743176674211,0.7996670366259712,0.7036691542288557,0.8207492239597426,0.9235599545171987,0.7996670366259712,3.456708580912725e-05
42,3,0.3365906381355495,0.8303422718187875,0.8693923997884379,0.6284417361576298,0.7064326837909655,0.9050320341697811,0.8176459281091818,0.8364533538936006,0.8976180695859394,0.9436242308457763,0.8176459281091818,0.5257297060903339,0.7490944763054633,0.8102277267279265,0.451072446143735,0.5259341885108756,0.9015623015368983,0.7849611542730299,0.7356965174129353,0.8285045217631781,0.9219061180276817,0.7849611542730299,2.5e-05
42,4,0.3317669778683804,0.8039432045303131,0.8416858598254964,0.5896887450457519,0.6475636502336226,0.9251607657624362,0.8702505286089576,0.7720277563608327,0.902774010772206,0.9480127246410923,0.8702505286089576,0.5487064587818772,0.705629338967703,0.7687199857710322,0.3862051114853,0.47538538040775735,0.8980468208893199,0.7957824639289678,0.6719527363184079,0.8213768951211387,0.9191639928761568,0.7957824639289678,1.5432914190872757e-05
42,5,0.3139576335666906,0.8367963024650233,0.8760534429599178,0.6376476089792653,0.7256565187078782,0.8988643737832577,0.8002819247773435,0.8543716268311488,0.9016048914255158,0.9472777588492457,0.8002819247773435,0.5567412511964389,0.7441895562933897,0.8108258928571429,0.4230070929972578,0.5214859437751004,0.8782640232108317,0.7205882352941176,0.7530058043117744,0.811109776680784,0.9155630449189304,0.7205882352941176,7.3223304703363135e-06
42,6,0.308690998103943,0.8370461359093937,0.87446873346057,0.643362642866076,0.7148459074339998,0.9109804183653011,0.8293073620811174,0.8407710100231303,0.9067660444755257,0.9501198888947763,0.8293073620811174,0.5557394301549398,0.7349079384243887,0.800839049832757,0.41483626749755387,0.5086485459038206,0.88386935302215,0.7425083240843507,0.7320688225538972,0.8151121042263708,0.9176088578618314,0.7425083240843507,1.9030116872178316e-06
42,7,0.30635200989049294,0.8389615256495669,0.8763962351587593,0.6462679027596284,0.7201588544579931,0.9093984214366253,0.8249503427948998,0.8457054741711643,0.9076200520702239,0.9507767811758951,0.8249503427948998,0.5617238050300822,0.7376245095079987,0.803836389280677,0.41702399309455407,0.5122705314009662,0.8820106475176427,0.7355715871254163,0.738391376451078,0.8148925703060723,0.9176127937589399,0.7355715871254163,0.0
7,0,0.47688699990484706,0.7026324664246464,0.7319193075327277,0.4317042528084972,0.5239446488001401,0.9359220636663008,0.9143485969309776,0.600933865852226,0.8403781275839624,0.9195509205973321,0.9143485969309776,0.6045136808629233,0.5806896551724138,0.6381526741787018,0.21977204316260712,0.36447410231966954,0.877755948482864,0.8037841625788367,0.5013090637077671,0.7904995270386503,0.9125406807762766,0.8037841625788367,4.8096988312782174e-05
7,1,0.3869802693230188,0.7561348171953421,0.7900677971890636,0.5169753042309528,0.5784434836318715,0.9439706182411752,0.9160604022742557,0.6793139903676729,0.8930942512133877,0.9457584194443146,0.9160604022742557,0.5590285127175475,0.6582988505747126,0.7247815138498,0.3139901699000449,0.42009640341119764,0.89272030651341,0.7939733707077785,0.6100236878194739,0.8030520706551051,0.9191534567612274,0.7939733707077785,4.267766952966369e-05
7,2,0.3684970898721442,0.7659743299807574,0.8017677404177379,0.53028376147119,0.5913827655310622,0.9370752975372167,0.9020602800024454,0.700604957124398,0.8904626873093215,0.9429863890069452,0.9020602800024454,0.5640053826883301,0.6582988505747126,0.7257969303423849,0.31096831905255506,0.4193488023952096,0.8891701319833665,0.7852137351086195,0.6131405061713003,0.7987135119295731,0.9171677148002222,0.7852137351086195,3.456708580912725e-05
7,3,0.3301165738203694,0.8061060524906267,0.8441744786684523,0.5925345250833032,0.6514238395362746,0.9233747209821429,0.8656844164577857,0.7774873722541995,0.9007718612693096,0.9440750480588866,0.8656844164577857,0.557373342752657,0.6491954022988505,0.7292982331654012,0.25720871772370957,0.39995835935873414,0.8463438735177866,0.6730903994393833,0.6406931804014462,0.7712942908187661,0.9057081800970088,0.6730903994393833,2.5e-05
7,4,0.31502199189542907,0.8404848340574104,0.8787929033327806,0.6460459486758972,0.7294701986754967,0.9027842299235034,0.8080943938375008,0.85604369787384,0.9067421005433784,0.9509401295902444,0.8080943938375008,0.562401034562214,0.7513563218390804,0.8259526261585994,0.392417554558139,0.5223214285714286,0.8537591483699268,0.614926419060967,0.7999002618127415,0.7884419464078483,0.9146040882525075,0.614926419060967,1.5432914190872757e-05
7,5,0.30367212261159254,0.8385605745005852,0.8776755651755652,0.640738055450869,0.7291585345452518,0.8989715482202242,0.7994130953108761,0.8573652061552919,0.9050517911531124,0.9495586586306521,0.7994130953108761,0.6020744205495404,0.7389425287356322,0.8169686029269551,0.363781435883476,0.5022156573116692,0.8459279038718291,0.5956552207428171,0.7899264430868969,0.7603892270526378,0.898156062966203,0.5956552207428171,7.3223304703363135e-06
7,6,0.296723504599564,0.8354063758455831,0.871298493803031,0.6450551976550503,0.7015604681404422,0.923393062633569,0.8575533410772147,0.8247680018794784,0.9114663995148022,0.9519619779444758,0.8575533410772147,0.6063528654675289,0.663264367816092,0.7464691221268347,0.2630697799182372,0.40925426774483376,0.8393274170948155,0.6384022424667134,0.6721107093878569,0.7540976004910726,0.8965368820261093,0.6384022424667134,1.9030116872178316e-06
7,7,0.2926918071845696,0.8443730286258406,0.8806934833852939,0.6577723948947372,0.7275205816315621,0.9133205059458095,0.8319985327382772,0.8503171619875485,0.9111105744354204,0.9523439563641753,0.8319985327382772,0.614301243422943,0.7235862068965517,0.8029885961462839,0.3440276147613808,0.47910940076965364,0.8464833494541937,0.6107217939733707,0.7637451689315546,0.7519136653111091,0.8948519703063512,0.6107217939733707,0.0
2021,0,0.47583736641634555,0.7267020762916465,0.7755971850530281,0.44595858808975297,0.5263924735658979,0.9140643252083172,0.8514004847831942,0.6735624928268105,0.8385359152034648,0.9292227121678417,0.8514004847831942,0.5837680150421594,0.7137305699481865,0.7174635643058042,0.45707876221136823,0.5738539898132428,0.932845744680851,0.930488644184446,0.5828832571665974,0.8201346414524257,0.900419659864771,0.930488644184446,4.8096988312782174e-05
2021,1,0.37524086259281236,0.7766578142604217,0.8276215469184304,0.5165662615133757,0.5930445998908568,0.9019189765458422,0.8048747643415028,0.7646333065534259,0.8753043341071595,0.9443455323093679,0.8048747643415028,0.5236135391363254,0.7453367875647668,0.7703807521607101,0.49430005021841283,0.6183282980866063,0.8799359658484525,0.8451479697178252,0.6850851682592439,0.8518414260311531,0.9125903054799376,0.8451479697178252,4.267766952966369e-05
2021,2,0.44712438094776935,0.6926605504587156,0.7296952967406306,0.41550985476850055,0.49243991156122957,0.9518511679438648,0.9297737678427148,0.5916159761276254,0.8825918667074026,0.9475960236884868,0.9297737678427148,0.6599847149871464,0.6189982728842832,0.5750337121941822,0.31488109045387,0.49685235776220454,0.9443214172730149,0.9596237669190181,0.41337764852513503,0.8302211702574434,0.8949520170499679,0.9596237669190181,3.456708580912725e-05
2021,3,0.33754917493722103,0.8206985353291486,0.8682241608753511,0.5886019750758591,0.6754696915987238,0.8956922325950333,0.7697953137624562,0.8423906805922186,0.8865460280058008,0.9478615903508956,0.7697953137624562,0.5209634282169069,0.7675302245250432,0.8051816471269359,0.5184731153915272,0.6672687136263296,0.8432620888282553,0.7627896306492314,0.7703919124774962,0.8447414421353131,0.904472026378196,0.7627896306492314,2.5e-05
2021,4,0.3588129094179796,0.7595766940286496,0.8020605578745114,0.5138958417231108,0.5599983460138935,0.9487068965517241,0.9118637220576353,0.6946803626764605,0.9019120508470599,0.956079654867877,0.9118637220576353,0.5887816344199482,0.6704663212435233,0.6591639871382636,0.3883221190561319,0.5357001972386588,0.9283018867924528,0.9346180316586373,0.5110095554632322,0.8453202260910966,0.9053899029667025,0.9346180316586373,1.5432914190872757e-05
2021,5,0.31402838989667287,0.7988894253983583,0.8450136442570082,0.5639463546535733,0.621036889332004,0.9192416677911213,0.838809587934285,0.7818776540801102,0.8998024617984481,0.9542122752744274,0.838809587934285,0.5366630953011611,0.7299654576856649,0.7525128611001187,0.46846200810072036,0.5999026921829387,0.8780938308090137,0.848589125946318,0.6583575682038498,0.8410605502755578,0.9020988543141425,0.848589125946318,7.3223304703363135e-06
2021,6,0.3072327246378596,0.8236359246740705,0.8669923830910691,0.6078979743741123,0.6631635388739946,0.9200103046306434,0.8327497980070024,0.8197520945713302,0.9039729566776602,0.9567156977122362,0.8327497980070024,0.5458015945803457,0.7596718480138169,0.7849470674600109,0.5207756183256915,0.6344709897610922,0.887937062937063,0.8529479238357421,0.7033651848774408,0.8451467942316926,0.9049262477100046,0.8529479238357421,1.9030116872178316e-06
2021,7,0.30370365492293955,0.8296112988894254,0.8727862647019062,0.6165797861878328,0.6774731691041539,0.9158601557327953,0.8202935631564773,0.833582003902215,0.9040254370688301,0.9569579805672614,0.8202935631564773,0.5518752623267086,0.7564766839378239,0.7859095050106286,0.5095830266312473,0.6367027891277314,0.869769786590489,0.82220692819454,0.7167982273923279,0.8419550793375303,0.9030509477044676,0.82220692819454,0.0
123456,0,0.4321603045599269,0.7436764705882353,0.7844079656494619,0.4758811562807794,0.597420814479638,0.8704313725490196,0.799842491064397,0.7138584247258225,0.8292252963202877,0.9060507755342507,0.799842491064397,0.48017131438130045,0.776965799473838,0.8479019236519486,0.44355739817304163,0.46215745976511524,0.9362755888179617,0.7858727810650887,0.7747723132969034,0.8512571943609143,0.9582086322332518,0.7858727810650887,4.8096988312782174e-05
123456,1,0.38197284433719003,0.797016806722689,0.8399483169891333,0.563246206761276,0.6867667121418827,0.8660290350128096,0.7624038286787423,0.8153925320811758,0.8640422190846307,0.9174550757365305,0.7624038286787423,0.4725245089359225,0.7966237942122186,0.8638786989483982,0.4704721684340968,0.4906375918464091,0.9330163761225568,0.7655325443786982,0.804280510018215,0.8472080591662087,0.9549560101937007,0.7655325443786982,4.267766952966369e-05
123456,2,0.3971568810152943,0.8233613445378152,0.8703389569133023,0.5947974543206522,0.7924460171878385,0.8360442034782093,0.6647482886048343,0.9075676197214807,0.8863639492082713,0.9303608466994375,0.6647482886048343,0.49614347959358424,0.831774334989769,0.8953636363636364,0.46653330804351656,0.5754504504504504,0.8937386569872958,0.5669378698224852,0.8969945355191257,0.8297722257250947,0.9481076968955555,0.5669378698224852,3.456708580912725e-05
123456,3,0.3417984875836325,0.8077731092436975,0.8404589203515135,0.6029764554500376,0.672367742842416,0.9178186526524239,0.8692675834494457,0.775126234200624,0.889483803644108,0.931668333217599,0.8692675834494457,0.50421216440516,0.7373574978076586,0.8161824877250409,0.37988578467706247,0.41294992175273865,0.9308212785814279,0.7806952662721893,0.7266848816029143,0.8386738327351506,0.9517675780778013,0.7806952662721893,2.5e-05
123456,4,0.3247536565975302,0.834390756302521,0.8680382342601738,0.6467503089758493,0.7274741506646972,0.9051459293394777,0.8354031622947841,0.8338532788730583,0.8991639043320834,0.9365558186195063,0.8354031622947841,0.502803081275053,0.754457760888629,0.832485791205504,0.3879425552382355,0.42878853669127226,0.9196959682749505,0.7303994082840237,0.7603825136612021,0.8232357985471164,0.9448951857749731,0.7303994082840237,1.5432914190872757e-05
123456,5,0.3112849706187877,0.8306932773109243,0.8649970684311918,0.6390716271962373,0.7223391935993262,0.9026641493601846,0.8313442781850124,0.8303476666773872,0.900146324959094,0.9372255691911033,0.8313442781850124,0.5152347682081478,0.776454253142356,0.849909229184044,0.4222123220459729,0.45855708615456453,0.9212849696840761,0.7263313609467456,0.7887978142076503,0.8224664970468092,0.9449116276690056,0.7263313609467456,7.3223304703363135e-06
123456,6,0.3049631627337207,0.8267016806722689,0.8590372357695791,0.636429988421646,0.7046693764251016,0.9164661270327427,0.8612103955897498,0.8083813076898337,0.9045239802609224,0.9411919693978594,0.8612103955897498,0.5417994660771993,0.7483192049108448,0.826655929132273,0.3855038473277538,0.42285237698081735,0.9239423942394239,0.75,0.7479052823315119,0.8226882558120736,0.9451074444036056,0.75,1.9030116872178316e-06
123456,7,0.30322193840665695,0.8419117647058824,0.8755190154009032,0.6594540312723023,0.7461901107334722,0.9013897404455344,0.8246198582419579,0.8510918856334223,0.9045979789766141,0.9420397234089486,0.8246198582419579,0.5393431009718939,0.7782812043262204,0.8523313540348486,0.41592533614367977,0.45993200582807187,0.9153251097637466,0.7004437869822485,0.7974499089253188,0.8187757326392257,0.9437446684950286,0.7004437869822485,0.0
987654321,0,0.46300938267922936,0.7449032932566649,0.7732747221328758,0.5028557971254044,0.5740837306317044,0.9452599388379205,0.9248169926797072,0.6542392356071601,0.8652896251916841,0.933660555858629,0.9248169926797072,0.5004743180784678,0.6726138922570587,0.7537780093798854,0.30639765848969913,0.3811357074109721,0.911037631868997,0.7779960707269156,0.6428174647261415,0.7933444635817588,0.9320624913859183,0.7779960707269156,4.8096988312782174e-05
987654321,1,0.39466891925658165,0.7970766818126985,0.8375476830465645,0.5702838007557637,0.6589139790145544,0.895412465154696,0.8176527061082444,0.7867077890662796,0.8864693675192581,0.9420098522309811,0.8176527061082444,0.4786887682405197,0.6611813615104798,0.7530614821360939,0.24417814242123292,0.35472901168969184,0.8719485455342786,0.6557956777996071,0.6627041439840018,0.7825706115605143,0.9299264802683014,0.6557956777996071,4.267766952966369e-05
987654321,2,0.36121212398893154,0.8024448108086373,0.844716963241569,0.5747903204827317,0.6750972762645915,0.8847911011057406,0.7911916476659067,0.808115626511853,0.8847014121856601,0.938635512299188,0.7911916476659067,0.47314964142990196,0.7060453836826607,0.7927454811919883,0.30411379375388214,0.39822584512107406,0.880135593220339,0.6526522593320235,0.7211420953227419,0.8117166418313266,0.9394640105872192,0.6526522593320235,3.456708580912725e-05
987654321,3,0.3502579909252366,0.8080743093811573,0.8469849004584362,0.5921005060531921,0.6743047395221309,0.9012758408951355,0.8263530541221649,0.7988630865989357,0.8935901494477777,0.9434146473659695,0.8263530541221649,0.4929482785563099,0.6898492984583405,0.7778398163657795,0.28678650276105233,0.3830171635049684,0.8807249227311043,0.6664047151277014,0.6964781690923231,0.804061980452292,0.9360599335166644,0.6664047151277014,2.5e-05
987654321,4,0.33219825940510056,0.8269331295990993,0.8647306556037463,0.6255846976315966,0.7101282987378742,0.9002093966758278,0.8169926797071883,0.8319424286405418,0.9023647484360913,0.9470669344119944,0.8169926797071883,0.47148144871342024,0.7660661701021999,0.8351541043637474,0.44563051571998524,0.4812590100913023,0.9265980498374865,0.787033398821218,0.7601377624708365,0.8379836861610443,0.9466987812069074,0.787033398821218,1.5432914190872757e-05
987654321,5,0.3235544830391337,0.820338574128433,0.8594703403157828,0.6115854304160264,0.7010716886900427,0.8954646742692358,0.8085923436937478,0.8262578616352201,0.9036660740740224,0.9472049357978518,0.8085923436937478,0.49424714868840214,0.7412090767365321,0.8162587627598081,0.3952614028792678,0.44830805134189033,0.9140614240462747,0.7548133595284873,0.7373625152760804,0.8384195905759434,0.945691600854112,0.7548133595284873,7.3223304703363135e-06
987654321,6,0.31646734172571406,0.8415698258876513,0.8796321754804021,0.6480082880257054,0.7532864391143912,0.8888374390319195,0.7839313572542902,0.870615626511853,0.9052889664570618,0.9483225808829667,0.7839313572542902,0.5203683894558506,0.7972457994110514,0.8622049561480958,0.4837326576795371,0.5286677908937606,0.9168753129694541,0.7390962671905698,0.8136873680702145,0.8362288276635492,0.9454883033586106,0.7390962671905698,1.9030116872178316e-06
987654321,7,0.30884292151676707,0.8334472636615867,0.8704653490117589,0.6380364325937447,0.7222398981864461,0.901360103626943,0.8172326893075723,0.8416182873730044,0.9065905161605594,0.9490577000596407,0.8172326893075723,0.5108340922794475,0.791356313874935,0.8563249239577742,0.4828923789117511,0.517989417989418,0.9244141127993819,0.7693516699410609,0.7975780468836796,0.8378701209579638,0.9459424856867342,0.7693516699410609,0.0
31415926,0,0.4145480236792048,0.8114844830994268,0.8595165495602988,0.5731641925470676,0.6979668586202844,0.8690277612295961,0.7298310291858678,0.850211277866822,0.8847721558623873,0.9452517566023844,0.7298310291858678,0.5311864137351513,0.7029175238451468,0.7923393685861821,0.270947343800126,0.4617824294322867,0.8037395570879193,0.49591280653950953,0.7812580562000515,0.7261328158750431,0.8776681514148701,0.49591280653950953,4.8096988312782174e-05
31415926,1,0.39593932171207125,0.8355208539237003,0.8788633154270574,0.6227464892972756,0.7452818551868755,0.8780835466604607,0.7424884792626728,0.8796444703482442,0.898495250360747,0.9508342854198403,0.7424884792626728,0.5274957817047834,0.7108659061155789,0.8006704486848891,0.2744622710747452,0.47346938775510206,0.8008769667268506,0.47411444141689374,0.8004640371229699,0.686340938913018,0.8513151793643406,0.47411444141689374,4.267766952966369e-05
31415926,2,0.35675784813745615,0.8247875074125322,0.8612224448897795,0.6271745974228848,0.6761755336851614,0.9305409885983016,0.8738556067588326,0.8015153722861722,0.9125974690525319,0.9580542310320708,0.8738556067588326,0.5102972503555938,0.6745838788105479,0.7578962014748852,0.2711735018614735,0.43330063756743503,0.8233071342200725,0.6018392370572208,0.7021139468935292,0.7330936361375759,0.8767156230574715,0.6018392370572208,3.456708580912725e-05
31415926,3,0.3379277553515223,0.8268234829017592,0.8637289822836789,0.6291764503233486,0.6822547783060057,0.9262409927942354,0.864147465437788,0.8091213754917674,0.9060663461071445,0.9550941054125395,0.864147465437788,0.5124442647891119,0.6740228165326351,0.7575125208681135,0.26977898794124955,0.432531894013739,0.8227561196736174,0.6004768392370572,0.7018561484918794,0.7313543310833925,0.878413644781438,0.6004768392370572,2.5e-05
31415926,4,0.32793450992567297,0.8366277920537656,0.8727227928607727,0.6467259272980401,0.7005709134615384,0.9253477891711841,0.8595391705069124,0.8257613288649279,0.9075865019417777,0.9536541039354987,0.8595391705069124,0.5047363359129522,0.6900130914531513,0.7725245316681534,0.2924329632186039,0.4511472028873421,0.8259721203228173,0.5960490463215259,0.725573601443671,0.7193247999955042,0.8694361702476185,0.5960490463215259,1.5432914190872757e-05
31415926,5,0.3163819646040719,0.8525795611780984,0.8891893498157614,0.6692885243298804,0.7504687233679904,0.9070599290672648,0.8116129032258065,0.8720093253679149,0.9178315824767063,0.9595775124232044,0.8116129032258065,0.5521580269276164,0.7161959977557509,0.8008138084924854,0.30797286346526376,0.48460342146189733,0.8157507688193609,0.5306539509536785,0.7864140242330497,0.7139253678895584,0.8671070598577254,0.5306539509536785,7.3223304703363135e-06
31415926,6,0.31956160326253435,0.8523818936548725,0.8901279976460204,0.6653205560142043,0.7600236197224682,0.8988560392215124,0.7908448540706605,0.8815678274806936,0.9193026261394557,0.9605691386864254,0.7908448540706605,0.5764930889203097,0.7232092762296615,0.808041504539559,0.3121318388188523,0.49604221635883905,0.8131036282954842,0.5122615803814714,0.803042021139469,0.7091555267200669,0.8625768936299621,0.5122615803814714,1.9030116872178316e-06
31415926,7,0.3050779609840618,0.8454635303419649,0.8803599302176108,0.6637359633267434,0.7161920343575847,0.9269440237182173,0.8607066052227342,0.8382340084511146,0.9210231036974914,0.9608873757850687,0.8607066052227342,0.5322797877778066,0.6944080792968019,0.777868406742795,0.2930067941601393,0.4556149732620321,0.8228357779695139,0.5803814713896458,0.7375612271203918,0.7106536945601728,0.863001840910968,0.5803814713896458,0.0
27182818,0,0.4156334858890848,0.7844499803330274,0.8461826347305389,0.48758311028375445,0.5917375455650061,0.8766963939511438,0.6967095851216023,0.8177215189873418,0.848207000174096,0.9367999128216666,0.6967095851216023,0.4649555528428836,0.7512562814070352,0.7889356584485869,0.48670153964249374,0.7260699117935315,0.7676595744680851,0.6705385427666315,0.8114247160688182,0.8406193972668845,0.8891831809683117,0.6705385427666315,4.8096988312782174e-05
27182818,1,0.40387147881270535,0.7577247497924042,0.8073735601230085,0.500757245855487,0.5349544072948328,0.9531525618410797,0.9092354156731839,0.7002712477396021,0.8872378534966137,0.9549132306499515,0.9092354156731839,0.49104783105927396,0.7683932482927458,0.7752422632072523,0.54245321951162,0.680166270783848,0.8729935229512813,0.8639312113440941,0.6971775553806364,0.8274138995523742,0.8764324350092646,0.8639312113440941,4.267766952966369e-05
27182818,2,0.37927082041442445,0.8326122110047638,0.8834980988593156,0.5863901896658468,0.68655245603396,0.8917715689284618,0.7198378636146876,0.8753767329716697,0.8934307926140743,0.9563272295365342,0.7198378636146876,0.47931839088052214,0.7260662285787914,0.7733475479744136,0.42955455733827896,0.7101679929266136,0.7351778656126482,0.6058228993815055,0.8156977397953447,0.8114444864920514,0.8531634099910784,0.6058228993815055,3.456708580912725e-05
27182818,3,0.35443449829519075,0.8376600673047506,0.8829765449017847,0.6198108358889473,0.6666666666666666,0.9248919248919248,0.8191066603083771,0.8446955997588909,0.9054743414844191,0.9623924059374831,0.8191066603083771,0.4610323450055931,0.7417858523386162,0.7779993353273513,0.46961673463763776,0.7060210658701462,0.766619364698177,0.6774777492834515,0.7897222534577758,0.8284978123700155,0.8749430593782862,0.6774777492834515,2.5e-05
27182818,4,0.3418260035461967,0.8440846116865521,0.8897984400339795,0.6239240631117022,0.6918363034443896,0.9125613812767306,0.7806390081068193,0.8681434599156118,0.9040478379851083,0.9607573016150391,0.7806390081068193,0.48166489825988434,0.7689730704806081,0.7984034180346301,0.5278844157839483,0.7295910668477441,0.7983136593591905,0.7293709458440187,0.7984931968964354,0.8182092196599531,0.8484402568259404,0.7293709458440187,1.5432914190872757e-05
27182818,5,0.3269303022412491,0.8510117564791748,0.8946538936959209,0.6408457138152697,0.7026437913092392,0.9179137603043754,0.7942298521697664,0.8725437010247137,0.9139914002599847,0.9658404109809388,0.7942298521697664,0.4841824631912604,0.7756088132972555,0.8068112485440124,0.5393128891999421,0.7463200751644222,0.7960814360770578,0.7189621360687887,0.8178342516586079,0.829336575332174,0.8665045678019979,0.7189621360687887,7.3223304703363135e-06
27182818,6,0.31334600358031656,0.8523665923692146,0.8944539915638181,0.6500037527728917,0.6950843825341548,0.9285436263379825,0.8249085995867111,0.8627787823990356,0.9178861640513458,0.9677589971181315,0.8249085995867111,0.497677397811034,0.7788300476742688,0.8050428758021466,0.5495759141849681,0.7347928298560094,0.8132170720513997,0.7544124302308041,0.7970313729899922,0.8272064670165475,0.8624069482295884,0.7544124302308041,1.9030116872178316e-06
27182818,7,0.310724909083296,0.8366548664831083,0.8801564779632213,0.6269940824940592,0.6541131027823043,0.9402596512862672,0.8613892862819902,0.8272754671488849,0.9186671229381431,0.967922716816059,0.8613892862819902,0.499746997339792,0.7776059786110038,0.7978449285546967,0.5516561787193286,0.7164463823409184,0.8324575339117684,0.7931814753356464,0.7659957269762735,0.8263268740168752,0.8609096502596377,0.7931814753356464,0.0
1618033,0,0.42977941785922674,0.807057484348321,0.8622240908135379,0.5408187512461489,0.7095890410958904,0.8462025142354138,0.6494890602470065,0.8788640649105766,0.8646682569892896,0.9323871019888835,0.6494890602470065,0.5490766510247705,0.7265511567128061,0.7994889630207964,0.3697195521605996,0.5656504678539088,0.8025078369905956,0.5748466257668712,0.7964927167303069,0.799774070709621,0.8936955659815831,0.5748466257668712,4.8096988312782174e-05
1618033,1,0.38535024668344264,0.816517182501521,0.8640481626361481,0.5822139602362055,0.6920525948336048,0.8798756108396268,0.7457212713936431,0.8487800697103023,0.8879180555418686,0.9471652241684039,0.7457212713936431,0.5580790965784207,0.693834091569064,0.7595591030026606,0.34468341998938434,0.5114198257593595,0.8211702827087443,0.6662576687116565,0.7065478715881771,0.7841702000654188,0.8836953624878298,0.6662576687116565,4.267766952966369e-05
1618033,2,0.3594723682504392,0.7922006555060546,0.8327118751184984,0.566501743896201,0.6183206106870229,0.9314952279957582,0.8785029151777318,0.7528712644991715,0.8953534707785006,0.9476302742770917,0.8785029151777318,0.5395626886317648,0.6583099409544091,0.7092735957832318,0.32120085055501246,0.47433460076045625,0.8491421810293828,0.7653374233128835,0.6089661999717154,0.7698740123185256,0.8758332180305619,0.7653374233128835,3.456708580912725e-05
1618033,3,0.33675797005748775,0.8345337860381136,0.8729524871535993,0.6377980712512533,0.6918954782076145,0.9236582799196403,0.8499153658077864,0.8275241414776299,0.9076437721743913,0.9551932263604761,0.8499153658077864,0.5401024017244554,0.7019649598296389,0.7589823874755381,0.38009035488135967,0.5195591095742381,0.8499298737727911,0.7374233128834355,0.6856173101400085,0.7772789228968578,0.8810864881024585,0.7374233128834355,2.5e-05
1618033,4,0.3472515991477659,0.7913763664553608,0.8291820665273983,0.5717444028279863,0.6121390937829294,0.9475539885412075,0.9104758322362234,0.7371007371007371,0.9104086347362631,0.9559893856105837,0.9104758322362234,0.5763488622767061,0.6588907172587358,0.7004420265215913,0.3400502393906566,0.4765874423554452,0.8779032601747283,0.8242331288343558,0.5826615754490171,0.772237550246275,0.8749355195305311,0.8242331288343558,1.5432914190872757e-05
1618033,5,0.32180135166197715,0.8052322728789276,0.8437657430730479,0.592264406991815,0.6343213728549142,0.9396872150922224,0.8921697699203812,0.7656133935203703,0.9122831991570264,0.9566390292693003,0.8921697699203812,0.581511887250212,0.6628593553383022,0.710064097228003,0.33631187708237886,0.479309704954537,0.8630109267503036,0.7923312883435583,0.6031678687597228,0.7739678527954412,0.8749042930775145,0.7923312883435583,7.3223304703363135e-06
1618033,6,0.3095322954572455,0.8348085490550115,0.8722005435690318,0.6412805306590446,0.6874688961879168,0.9307495382222366,0.8660272083254968,0.8205816810467973,0.9174604810728083,0.9601245680292572,0.8660272083254968,0.601532762925595,0.6983835059529572,0.7521081941129674,0.3820495225037477,0.5149006622516556,0.8596108383342426,0.7631901840490798,0.6685051619290058,0.775554563572112,0.8760069615959281,0.7631901840490798,1.9030116872178316e-06
1618033,7,0.3010328206048918,0.8434635840872962,0.8812883252961838,0.6527321368564495,0.7124740235519795,0.9198409246256136,0.8382546548805717,0.8458373807211017,0.9171859864274716,0.9600259284883106,0.8382546548805717,0.6140516509108986,0.6989642822572839,0.7578258838187198,0.3707175988038518,0.5164473684210527,0.8431814243631953,0.7223926380368099,0.6881629189647858,0.7747944815642913,0.8746930980906359,0.7223926380368099,0.0
19937,0,0.44000923036885736,0.7531540716197273,0.8114474836951231,0.4704676275382349,0.5175538499628621,0.9301149254286458,0.8476198199659395,0.7196339673678456,0.8620640717474208,0.9462177288565702,0.8476198199659395,0.5620233701860032,0.7781298408674835,0.773683832507362,0.5572299715397544,0.7452966714905933,0.8159369792455688,0.8234011627906976,0.7355913684785578,0.8552718630695642,0.8786150282987549,0.8234011627906976,4.8096988312782174e-05
19937,1,0.3796533183001254,0.7774096257593135,0.8325182983347716,0.512602399339152,0.548055454592658,0.9361679186284728,0.8559727516016543,0.7495323875571926,0.883082481387022,0.9560477555541264,0.8559727516016543,0.5417736575927403,0.7184199408534009,0.7075257807357566,0.438684987063933,0.6834798114889823,0.7616123445126751,0.7799418604651163,0.6606118546845124,0.8289221258170661,0.845675463628462,0.7799418604651163,4.267766952966369e-05
19937,2,0.3591875352263283,0.8232445520581114,0.8758466358347009,0.5705892904091345,0.6354117408633385,0.9093838099073701,0.7627929608304274,0.8446951166872896,0.8918356362767501,0.9597237735761865,0.7627929608304274,0.5851453298153176,0.7573581185748486,0.7846519185101862,0.5113344434760795,0.8109380659181455,0.7232718894009217,0.6508720930232558,0.8574160065555859,0.8297541099458148,0.8220438821902234,0.6508720930232558,3.456708580912725e-05
19937,3,0.3390348762912616,0.8140478314430143,0.8636526451854044,0.5775109095045396,0.6014640789921689,0.9412084181941616,0.8595409942421539,0.7979050962562229,0.9062331031858166,0.9644683017047614,0.8595409942421539,0.5485131777697565,0.7724264188142516,0.7853347502656748,0.5435865996207008,0.7820037105751392,0.7644168606154642,0.7351744186046512,0.8074296640262223,0.8286895617222388,0.8097951978094242,0.7351744186046512,2.5e-05
19937,4,0.3230306436428339,0.8174249182277729,0.8657126788727114,0.5870720398205695,0.6047920992087986,0.9469259423806432,0.8740572540750953,0.7973295732496907,0.9183702712790536,0.9695736668136871,0.8740572540750953,0.5702732428758096,0.7160963244613435,0.7176075080543494,0.432553266051541,0.696522219155396,0.7364864864864865,0.7335755813953488,0.6996722207047255,0.8229252555217471,0.8103840813321008,0.7335755813953488,1.5432914190872757e-05
19937,5,0.3148829534078435,0.8275774181215751,0.8739245224413729,0.6066325011940994,0.6207647767012555,0.9492897871048281,0.8781120752574811,0.8096457655894794,0.9191115821097346,0.970330802072623,0.8781120752574811,0.6011119183584502,0.7658076327277848,0.7803750660327522,0.5301304728591704,0.7785266457680251,0.7554333929941192,0.7219476744186046,0.8070199399071292,0.8270972654091207,0.8118021963511286,0.7219476744186046,7.3223304703363135e-06
19937,6,0.3048724720298939,0.8391742067031986,0.8842166427107863,0.6243524111684121,0.6447824764222696,0.9434202368910497,0.8593788013948584,0.8320048343932549,0.9221171216108512,0.9712331077810993,0.8593788013948584,0.595116688182286,0.7744683847345444,0.7944291123804634,0.5466358097206556,0.8093555443378765,0.7493643298220124,0.6991279069767442,0.8452608576891559,0.8261437635383648,0.8094674352907162,0.6991279069767442,1.9030116872178316e-06
19937,7,0.3030867818352463,0.8465868059980459,0.8909818126933816,0.6342617262755859,0.663949159070484,0.9368969019807009,0.8387803097883383,0.8493568530402003,0.9228434527878994,0.9715038210185949,0.8387803097883383,0.60815312229705,0.7692578510069005,0.7927130115756847,0.5356952441837393,0.8152230971128609,0.7383056439260045,0.6771802325581395,0.8557771100792133,0.8252203061179116,0.8084617582838184,0.6771802325581395,0.0
5489,0,0.42891286438269477,0.7519817439346625,0.7996312827479138,0.48121359059598356,0.5876996293415092,0.8797281429028929,0.7916538248166184,0.7329024990365517,0.8597470057124246,0.9315984340635954,0.7916538248166184,0.4419227501157883,0.7129237288135594,0.7762795817281233,0.39918552418767705,0.47427903351519873,0.9105874757908328,0.8145917001338688,0.6764988009592326,0.8597143570284335,0.9450500125271896,0.8145917001338688,4.8096988312782174e-05
5489,1,0.4656727667478425,0.7192129073584754,0.7487776484284051,0.46021063750022606,0.539419831981044,0.9457967604741653,0.9261542254823398,0.6196899178845641,0.8677928673971199,0.9358126642527899,0.9261542254823398,0.4762520474283312,0.6551906779661016,0.704583270307064,0.35261047674094403,0.4287930499534595,0.954117165096272,0.9250334672021419,0.5585131894484412,0.8637853572563636,0.9468920087449155,0.9250334672021419,4.267766952966369e-05
5489,2,0.3884689857946938,0.768696452878533,0.8045004652736655,0.5348209874953964,0.5949397982427596,0.9370565978243733,0.9015595142698638,0.7047994545400647,0.897895449732277,0.9504991499331346,0.9015595142698638,0.4520806667595587,0.674611581920904,0.7292493021889231,0.3697268997217047,0.4423521638586059,0.9412210845657945,0.8962516733601071,0.5952038369304556,0.8520530162215609,0.9440196300300205,0.8962516733601071,3.456708580912725e-05
5489,3,0.3593276833230443,0.7986428056689887,0.8429679816413507,0.5646242714997765,0.6569885900570497,0.8903508771929824,0.7950440732293658,0.800373521477485,0.879889434683873,0.9387347366479273,0.7950440732293658,0.42963353609969096,0.7562676553672316,0.817115983307942,0.4636339353220541,0.5248304528549551,0.9128311380790292,0.8028781793842035,0.739568345323741,0.8499160912234069,0.9418870856274802,0.8028781793842035,2.5e-05
5489,4,0.34268678116807444,0.8217231163423813,0.861853943041509,0.6121100896910094,0.6903386920555642,0.9038880754839759,0.8179128397953522,0.8235555687309163,0.8980905313411531,0.9500403087773249,0.8179128397953522,0.45720948116738835,0.7496468926553672,0.8121854304635762,0.4489123095924249,0.5166374781085814,0.9071005917159763,0.7898259705488622,0.7352517985611511,0.8486930134607173,0.9407297239319712,0.7898259705488622,1.5432914190872757e-05
5489,5,0.3332530566656312,0.8215229401873649,0.8632095734888002,0.6074073177895184,0.6973904586957697,0.8945845390657297,0.7956604820316834,0.8339608098894258,0.9008350333791132,0.9504573753463189,0.7956604820316834,0.4481530593468228,0.7574152542372882,0.8202511773940345,0.4566339739497193,0.5273972602739726,0.9024179620034543,0.7730923694779116,0.7517985611510791,0.8439162124115969,0.9396036216518773,0.7730923694779116,7.3223304703363135e-06
5489,6,0.3256310751465652,0.7984226118984706,0.8382277342243928,0.5757901567228094,0.643486777668952,0.9149219708925127,0.8504592245577267,0.7733969703257937,0.9054630651301108,0.953315595046512,0.8504592245577267,0.45916572017999785,0.701712570621469,0.7645460246672706,0.38564275333037756,0.46323114538273463,0.912660123107636,0.8242971887550201,0.6577937649880096,0.8410410226036039,0.9388119216617021,0.8242971887550201,1.9030116872178316e-06
5489,7,0.32376789507364995,0.8270277844503163,0.8675323082583434,0.6192164995273861,0.7053851988297757,0.8983110038732618,0.8025642606176416,0.8387928734473661,0.906203869442529,0.953869046358142,0.8025642606176416,0.4652506518785793,0.7576800847457628,0.8206937095825985,0.45616025567570084,0.5278733654507914,0.9014205768402928,0.7700803212851406,0.7532374100719424,0.8396309057171933,0.9380276662411227,0.7700803212851406,0.0
